方案id,宽带类型,,方案id,宽带类型,,方案id,宽带类型,,方案id,宽带类型
prod.75900600001336,极光新装,,prod.75900600001337,极光续费,,prod.75900600001081,普通新装,,prod.75900600001331,普通续费
prod.75900600001338,极光新装,,prod.75900600001339,极光续费,,prod.75900600001330,普通新装,,prod.75900100001333,普通续费
prod.75900600001340,极光新装,,prod.75900600001341,极光续费,,prod.75900600001332,普通新装,,prod.75900600001082,普通续费
prod.75900600001342,极光新装,,prod.75900600001343,极光续费,,prod.75900600001354,普通新装,,prod.75900600001083,普通续费
prod.75900600001358,极光新装,,prod.75900600001359,极光续费,,prod.75900600001079,普通新装,,prod.75900600001084,普通续费
prod.75900600001360,极光新装,,prod.75900600001361,极光续费,,prod.75900600001355,普通新装,,prod.75900600001362,普通续费
prod.10086000004566,极光新装,,prod.75900600001096,极光续费,,prod.75900600001136,普通新装,,prod.75900600001356,普通续费
prod.75900100001748,极光新装,,prod.75900600001097,极光续费,,prod.75900600001134,普通新装,,prod.75900600001137,普通续费
prod.75900600001092,极光新装,,prod.75900600001098,极光续费,,prod.75900600001126,普通新装,,prod.75900600001135,普通续费
prod.75900600001093,极光新装,,prod.75900600001099,极光续费,,prod.75900600001132,普通新装,,prod.75900600001125,普通续费
prod.75900600001094,极光新装,,prod.75900600001196,极光续费,,prod.75900600001118,普通新装,,prod.75900600001127,普通续费
prod.75900600001095,极光新装,,prod.75900600001102,极光续费,,prod.75900600001130,普通新装,,prod.75900600001129,普通续费
prod.75900600001195,极光新装,,prod.75900600001100,极光续费,,prod.75900600001350,普通新装,,prod.75900600001128,普通续费
,,,prod.75900600001106,极光续费,,prod.75900600001160,普通新装,,prod.75900600001133,普通续费
,,,prod.75900600001104,极光续费,,prod.75900600001161,普通新装,,prod.75900600001119,普通续费
,,,prod.75900600001197,极光续费,,prod.75900600001063,普通新装,,prod.75900600001131,普通续费
,,,prod.75900600001103,极光续费,,prod.75900100001847,普通新装,,prod.75900600001351,普通续费
,,,prod.75900600001101,极光续费,,prod.75900600001283,普通新装,,prod.75900600001164,普通续费
,,,prod.75900600001107,极光续费,,prod.10086000006805,普通新装,,prod.75900600001165,普通续费
,,,prod.75900600001105,极光续费,,prod.10086000006811,普通新装,,prod.75900600001064,普通续费
,,,prod.75900600001198,极光续费,,prod.10086000006827,普通新装,,prod.75900600001284,普通续费
,,,prod.75900100001476,极光续费,,prod.75900600001069,普通新装,,prod.10086000006943,普通续费
,,,prod.75900100001474,极光续费,,prod.75900600001163,普通新装,,prod.10086000006958,普通续费
,,,,,,prod.75900000050201,普通新装,,prod.75900600001153,普通续费
,,,,,,prod.75900000050183,普通新装,,prod.75900600001333,普通续费
,,,,,,prod.75900000050185,普通新装,,prod.75900100001750,普通续费
,,,,,,prod.75901000001105,普通新装,,prod.75900100001619,普通续费
,,,,,,,,,prod.75900600001131,普通续费
,,,,,,,,,prod.75900600001135,普通续费
,,,,,,,,,prod.75900600001136,普通续费
,,,,,,,,,prod.75900600001333,普通续费
,,,,,,,,,prod.75900100001835 ,普通续费
,,,,,,,,,virpkg.10086000003878,普通续费
,,,,,,,,,virpkg.10086000003879,普通续费
,,,,,,,,,virpkg.10086000003880,普通续费
